{"cameraMode":{"drawMode":0,"name":"Shaded","section":"Shading Mode"},"sceneLighting":true,"audioPlay":false,"sceneViewState":{"showFog":true,"showMaterialUpdate":false,"showSkybox":true,"showFlares":true,"showImageEffects":true,"showParticleSystems":true},"in2DMode":false,"pivot":{"x":-6.272915840148926,"y":-2.504232406616211,"z":-6.037264823913574},"rotation":{"x":0.021857962012290956,"y":-0.9651467800140381,"z":0.08563920855522156,"w":0.2463381141424179},"size":4.144466876983643,"orthographic":false}