{"cameraMode":{"drawMode":0,"name":"Shaded","section":"Shading Mode"},"sceneLighting":true,"audioPlay":false,"sceneViewState":{"showFog":true,"showMaterialUpdate":false,"showSkybox":true,"showFlares":true,"showImageEffects":true,"showParticleSystems":true},"in2DMode":false,"pivot":{"x":-12.7938814163208,"y":-6.955393314361572,"z":4.853403091430664},"rotation":{"x":-0.18052110075950623,"y":0.4344964921474457,"z":-0.08934859931468964,"w":-0.8778643012046814},"size":23.720401763916017,"orthographic":false}